account_id,order_day,gap_days
DEMO0001,2018-03-01,
DEMO0002,2018-03-11,
DEMO0002,2018-05-20,70.0
DEMO0003,2018-03-21,
DEMO0003,2018-05-20,60.0
DEMO0004,2017-03-01,
DEMO0004,2017-03-16,15.0
DEMO0004,2017-03-31,15.0
DEMO0004,2017-04-15,15.0
DEMO0004,2017-04-30,15.0
DEMO0004,2017-05-15,15.0
DEMO0004,2017-05-30,15.0
DEMO0004,2017-06-14,15.0
DEMO0004,2017-06-29,15.0
DEMO0004,2017-07-14,15.0
DEMO0004,2017-07-29,15.0
DEMO0004,2017-08-13,15.0
DEMO0004,2017-08-28,15.0
DEMO0004,2017-09-12,15.0
DEMO0004,2017-09-27,15.0
DEMO0004,2017-10-12,15.0
DEMO0004,2017-10-27,15.0
DEMO0004,2017-11-11,15.0
DEMO0004,2017-11-26,15.0
DEMO0004,2017-12-11,15.0
DEMO0004,2017-12-26,15.0
DEMO0004,2018-01-10,15.0
DEMO0004,2018-01-25,15.0
DEMO0004,2018-02-09,15.0
DEMO0004,2018-02-24,15.0
DEMO0004,2018-03-11,15.0
DEMO0004,2018-03-26,15.0
DEMO0004,2018-04-10,15.0
DEMO0004,2018-04-25,15.0
DEMO0004,2018-05-10,15.0
DEMO0004,2018-05-25,15.0
DEMO0004,2018-06-09,15.0
DEMO0004,2018-06-24,15.0
DEMO0004,2018-07-09,15.0
DEMO0004,2018-07-24,15.0
DEMO0004,2018-08-08,15.0
DEMO0004,2018-08-23,15.0
DEMO0005,2017-03-01,
DEMO0005,2017-03-17,16.0
DEMO0005,2017-04-02,16.0
DEMO0005,2017-04-18,16.0
DEMO0005,2017-05-04,16.0
DEMO0005,2017-05-20,16.0
DEMO0005,2017-06-05,16.0
DEMO0005,2017-06-21,16.0
DEMO0005,2017-07-07,16.0
DEMO0005,2017-07-23,16.0
DEMO0005,2017-08-08,16.0
DEMO0005,2017-08-24,16.0
DEMO0005,2017-09-09,16.0
DEMO0005,2017-09-25,16.0
DEMO0005,2017-10-11,16.0
DEMO0005,2017-10-27,16.0
DEMO0005,2017-11-12,16.0
DEMO0005,2017-11-28,16.0
DEMO0005,2017-12-14,16.0
DEMO0005,2017-12-30,16.0
DEMO0005,2018-01-15,16.0
DEMO0005,2018-01-31,16.0
DEMO0005,2018-02-16,16.0
DEMO0005,2018-03-04,16.0
DEMO0005,2018-03-20,16.0
DEMO0005,2018-04-05,16.0
DEMO0005,2018-04-21,16.0
DEMO0005,2018-05-07,16.0
DEMO0005,2018-05-23,16.0
DEMO0005,2018-06-08,16.0
DEMO0005,2018-06-24,16.0
DEMO0005,2018-07-10,16.0
DEMO0005,2018-07-26,16.0
DEMO0005,2018-08-11,16.0
DEMO0006,2017-03-01,
DEMO0006,2017-03-18,17.0
DEMO0006,2017-04-04,17.0
DEMO0006,2017-04-21,17.0
DEMO0006,2017-05-08,17.0
DEMO0006,2017-05-25,17.0
DEMO0006,2017-06-11,17.0
DEMO0006,2017-06-28,17.0
DEMO0006,2017-07-15,17.0
DEMO0006,2017-08-01,17.0
DEMO0006,2017-08-18,17.0
DEMO0006,2017-09-04,17.0
DEMO0006,2017-09-21,17.0
DEMO0006,2017-10-08,17.0
DEMO0006,2017-10-25,17.0
DEMO0006,2017-11-11,17.0
DEMO0006,2017-11-28,17.0
DEMO0006,2017-12-15,17.0
DEMO0006,2018-01-01,17.0
DEMO0006,2018-01-18,17.0
DEMO0006,2018-02-04,17.0
DEMO0006,2018-02-21,17.0
DEMO0006,2018-03-10,17.0
DEMO0006,2018-03-27,17.0
DEMO0006,2018-04-13,17.0
DEMO0006,2018-04-30,17.0
DEMO0006,2018-05-17,17.0
DEMO0006,2018-06-03,17.0
DEMO0006,2018-06-20,17.0
DEMO0006,2018-07-07,17.0
DEMO0006,2018-07-24,17.0
DEMO0007,2017-03-01,
DEMO0007,2017-03-19,18.0
DEMO0007,2017-04-06,18.0
DEMO0007,2017-04-24,18.0
DEMO0007,2017-05-12,18.0
DEMO0007,2017-05-30,18.0
DEMO0007,2017-06-17,18.0
DEMO0007,2017-07-05,18.0
DEMO0007,2017-07-23,18.0
DEMO0007,2017-08-10,18.0
DEMO0007,2017-08-28,18.0
DEMO0007,2017-09-15,18.0
DEMO0007,2017-10-03,18.0
DEMO0007,2017-10-21,18.0
DEMO0007,2017-11-08,18.0
DEMO0007,2017-11-26,18.0
DEMO0007,2017-12-14,18.0
DEMO0007,2018-01-01,18.0
DEMO0007,2018-01-19,18.0
DEMO0007,2018-02-06,18.0
DEMO0007,2018-02-24,18.0
DEMO0007,2018-03-14,18.0
DEMO0007,2018-04-01,18.0
DEMO0007,2018-04-19,18.0
DEMO0007,2018-05-07,18.0
DEMO0007,2018-05-25,18.0
DEMO0007,2018-06-12,18.0
DEMO0007,2018-06-30,18.0
DEMO0007,2018-07-18,18.0
DEMO0008,2017-03-01,
DEMO0008,2017-03-20,19.0
DEMO0008,2017-04-08,19.0
DEMO0008,2017-04-27,19.0
DEMO0008,2017-05-16,19.0
DEMO0008,2017-06-04,19.0
DEMO0008,2017-06-23,19.0
DEMO0008,2017-07-12,19.0
DEMO0008,2017-07-31,19.0
DEMO0008,2017-08-19,19.0
DEMO0008,2017-09-07,19.0
DEMO0008,2017-09-26,19.0
DEMO0008,2017-10-15,19.0
DEMO0008,2017-11-03,19.0
DEMO0008,2017-11-22,19.0
DEMO0008,2017-12-11,19.0
DEMO0008,2017-12-30,19.0
DEMO0008,2018-01-18,19.0
DEMO0008,2018-02-06,19.0
DEMO0008,2018-02-25,19.0
DEMO0008,2018-03-16,19.0
DEMO0008,2018-04-04,19.0
DEMO0008,2018-04-23,19.0
DEMO0008,2018-05-12,19.0
DEMO0008,2018-05-31,19.0
DEMO0008,2018-06-19,19.0
DEMO0009,2017-03-01,
DEMO0009,2017-03-21,20.0
DEMO0009,2017-04-10,20.0
DEMO0009,2017-04-30,20.0
DEMO0009,2017-05-20,20.0
DEMO0009,2017-06-09,20.0
DEMO0009,2017-06-29,20.0
DEMO0009,2017-07-19,20.0
DEMO0009,2017-08-08,20.0
DEMO0009,2017-08-28,20.0
DEMO0009,2017-09-17,20.0
DEMO0009,2017-10-07,20.0
DEMO0009,2017-10-27,20.0
DEMO0009,2017-11-16,20.0
DEMO0009,2017-12-06,20.0
DEMO0009,2017-12-26,20.0
DEMO0009,2018-01-15,20.0
DEMO0009,2018-02-04,20.0
DEMO0009,2018-02-24,20.0
DEMO0009,2018-03-16,20.0
DEMO0009,2018-04-05,20.0
DEMO0009,2018-04-25,20.0
DEMO0009,2018-05-15,20.0
DEMO0009,2018-06-04,20.0
DEMO0010,2017-03-01,
DEMO0010,2017-03-22,21.0
DEMO0010,2017-04-12,21.0
DEMO0010,2017-05-03,21.0
DEMO0010,2017-05-24,21.0
DEMO0010,2017-06-14,21.0
DEMO0010,2017-07-05,21.0
DEMO0010,2017-07-26,21.0
DEMO0010,2017-08-16,21.0
DEMO0010,2017-09-06,21.0
DEMO0010,2017-09-27,21.0
DEMO0010,2017-10-18,21.0
DEMO0010,2017-11-08,21.0
DEMO0010,2017-11-29,21.0
DEMO0010,2017-12-20,21.0
DEMO0010,2018-01-10,21.0
DEMO0010,2018-01-31,21.0
DEMO0010,2018-02-21,21.0
DEMO0010,2018-03-14,21.0
DEMO0010,2018-04-04,21.0
DEMO0010,2018-04-25,21.0
DEMO0010,2018-05-16,21.0
DEMO0010,2018-06-06,21.0
DEMO0011,2017-03-01,
DEMO0011,2017-03-23,22.0
DEMO0011,2017-04-14,22.0
DEMO0011,2017-05-06,22.0
DEMO0011,2017-05-28,22.0
DEMO0011,2017-06-19,22.0
DEMO0011,2017-07-11,22.0
DEMO0011,2017-08-02,22.0
DEMO0011,2017-08-24,22.0
DEMO0011,2017-09-15,22.0
DEMO0011,2017-10-07,22.0
DEMO0011,2017-10-29,22.0
DEMO0011,2017-11-20,22.0
DEMO0011,2017-12-12,22.0
DEMO0011,2018-01-03,22.0
DEMO0011,2018-01-25,22.0
DEMO0011,2018-02-16,22.0
DEMO0011,2018-03-10,22.0
DEMO0011,2018-04-01,22.0
DEMO0011,2018-04-23,22.0
DEMO0011,2018-05-15,22.0
DEMO0012,2017-03-01,
DEMO0012,2017-03-24,23.0
DEMO0012,2017-04-16,23.0
DEMO0012,2017-05-09,23.0
DEMO0012,2017-06-01,23.0
DEMO0012,2017-06-24,23.0
DEMO0012,2017-07-17,23.0
DEMO0012,2017-08-09,23.0
DEMO0012,2017-09-01,23.0
DEMO0012,2017-09-24,23.0
DEMO0012,2017-10-17,23.0
DEMO0012,2017-11-09,23.0
DEMO0012,2017-12-02,23.0
DEMO0012,2017-12-25,23.0
DEMO0012,2018-01-17,23.0
DEMO0012,2018-02-09,23.0
DEMO0012,2018-03-04,23.0
DEMO0012,2018-03-27,23.0
DEMO0012,2018-04-19,23.0
