account_id,month,order_count,spend,category_count
DEMO0001,2018-03,1.0,405.06,1.0
DEMO0001,2018-04,0.0,0.0,0.0
DEMO0001,2018-05,0.0,0.0,0.0
DEMO0001,2018-06,0.0,0.0,0.0
DEMO0001,2018-07,0.0,0.0,0.0
DEMO0001,2018-08,0.0,0.0,0.0
DEMO0002,2018-03,1.0,317.19,1.0
DEMO0002,2018-04,0.0,0.0,0.0
DEMO0002,2018-05,1.0,528.73,1.0
DEMO0002,2018-06,0.0,0.0,0.0
DEMO0002,2018-07,0.0,0.0,0.0
DEMO0002,2018-08,0.0,0.0,0.0
DEMO0003,2018-03,1.0,522.05,1.0
DEMO0003,2018-04,0.0,0.0,0.0
DEMO0003,2018-05,1.0,167.38,1.0
DEMO0003,2018-06,0.0,0.0,0.0
DEMO0003,2018-07,0.0,0.0,0.0
DEMO0003,2018-08,0.0,0.0,0.0
DEMO0004,2017-03,3.0,2079.35,3.0
DEMO0004,2017-04,2.0,644.75,2.0
DEMO0004,2017-05,2.0,1127.97,2.0
DEMO0004,2017-06,2.0,1241.58,2.0
DEMO0004,2017-07,2.0,706.6700000000001,2.0
DEMO0004,2017-08,2.0,671.5699999999999,2.0
DEMO0004,2017-09,2.0,1236.65,2.0
DEMO0004,2017-10,2.0,1003.67,2.0
DEMO0004,2017-11,2.0,1508.4899999999998,2.0
DEMO0004,2017-12,2.0,909.8700000000001,2.0
DEMO0004,2018-01,2.0,599.0799999999999,2.0
DEMO0004,2018-02,2.0,818.69,2.0
DEMO0004,2018-03,2.0,1406.65,2.0
DEMO0004,2018-04,2.0,723.9,2.0
DEMO0004,2018-05,2.0,698.86,2.0
DEMO0004,2018-06,2.0,662.98,2.0
DEMO0004,2018-07,2.0,858.6,2.0
DEMO0004,2018-08,2.0,1109.33,2.0
DEMO0005,2017-03,2.0,1053.55,2.0
DEMO0005,2017-04,2.0,1525.5900000000001,2.0
DEMO0005,2017-05,2.0,798.9100000000001,2.0
DEMO0005,2017-06,2.0,909.62,2.0
DEMO0005,2017-07,2.0,444.7,2.0
DEMO0005,2017-08,2.0,1385.54,2.0
DEMO0005,2017-09,2.0,1411.3400000000001,2.0
DEMO0005,2017-10,2.0,1064.91,2.0
DEMO0005,2017-11,2.0,480.27,2.0
DEMO0005,2017-12,2.0,1149.46,2.0
DEMO0005,2018-01,2.0,1293.66,2.0
DEMO0005,2018-02,1.0,623.85,1.0
DEMO0005,2018-03,2.0,1129.27,2.0
DEMO0005,2018-04,2.0,541.09,2.0
DEMO0005,2018-05,2.0,780.3900000000001,2.0
DEMO0005,2018-06,2.0,1242.02,2.0
DEMO0005,2018-07,2.0,508.94000000000005,2.0
DEMO0005,2018-08,1.0,356.73,1.0
DEMO0006,2017-03,2.0,1122.63,2.0
DEMO0006,2017-04,2.0,1446.38,2.0
DEMO0006,2017-05,2.0,1219.38,2.0
DEMO0006,2017-06,2.0,1144.04,2.0
DEMO0006,2017-07,1.0,179.08,1.0
DEMO0006,2017-08,2.0,1002.42,2.0
DEMO0006,2017-09,2.0,843.45,2.0
DEMO0006,2017-10,2.0,868.8199999999999,2.0
DEMO0006,2017-11,2.0,1279.6799999999998,2.0
DEMO0006,2017-12,1.0,480.06,1.0
DEMO0006,2018-01,2.0,1102.71,2.0
DEMO0006,2018-02,2.0,697.55,2.0
DEMO0006,2018-03,2.0,1227.1100000000001,2.0
DEMO0006,2018-04,2.0,1670.96,2.0
DEMO0006,2018-05,1.0,383.33,1.0
DEMO0006,2018-06,2.0,1788.26,2.0
DEMO0006,2018-07,2.0,1299.65,2.0
DEMO0006,2018-08,0.0,0.0,0.0
DEMO0007,2017-03,2.0,692.62,2.0
DEMO0007,2017-04,2.0,1607.1399999999999,2.0
DEMO0007,2017-05,2.0,821.6800000000001,2.0
DEMO0007,2017-06,1.0,711.2,1.0
DEMO0007,2017-07,2.0,1306.85,2.0
DEMO0007,2017-08,2.0,1717.65,2.0
DEMO0007,2017-09,1.0,575.25,1.0
DEMO0007,2017-10,2.0,1471.3400000000001,2.0
DEMO0007,2017-11,2.0,1030.49,2.0
DEMO0007,2017-12,1.0,560.21,1.0
DEMO0007,2018-01,2.0,846.9000000000001,2.0
DEMO0007,2018-02,2.0,790.33,2.0
DEMO0007,2018-03,1.0,271.54,1.0
DEMO0007,2018-04,2.0,1052.6100000000001,2.0
DEMO0007,2018-05,2.0,1743.71,2.0
DEMO0007,2018-06,2.0,1218.52,2.0
DEMO0007,2018-07,1.0,197.07,1.0
DEMO0007,2018-08,0.0,0.0,0.0
DEMO0008,2017-03,2.0,1836.3899999999999,2.0
DEMO0008,2017-04,2.0,1256.3899999999999,2.0
DEMO0008,2017-05,1.0,682.55,1.0
DEMO0008,2017-06,2.0,1823.96,2.0
DEMO0008,2017-07,2.0,1437.58,2.0
DEMO0008,2017-08,1.0,461.11,1.0
DEMO0008,2017-09,2.0,1243.06,2.0
DEMO0008,2017-10,1.0,634.42,1.0
DEMO0008,2017-11,2.0,1238.68,2.0
DEMO0008,2017-12,2.0,1428.6999999999998,2.0
DEMO0008,2018-01,1.0,750.47,1.0
DEMO0008,2018-02,2.0,1171.06,2.0
DEMO0008,2018-03,1.0,475.48,1.0
DEMO0008,2018-04,2.0,1781.51,2.0
DEMO0008,2018-05,2.0,1267.4,2.0
DEMO0008,2018-06,1.0,1115.34,1.0
DEMO0008,2018-07,0.0,0.0,0.0
DEMO0008,2018-08,0.0,0.0,0.0
DEMO0009,2017-03,2.0,708.24,2.0
DEMO0009,2017-04,2.0,1426.9499999999998,2.0
DEMO0009,2017-05,1.0,1114.13,1.0
DEMO0009,2017-06,2.0,1644.9299999999998,2.0
DEMO0009,2017-07,1.0,1248.57,1.0
DEMO0009,2017-08,2.0,1296.12,2.0
DEMO0009,2017-09,1.0,487.51,1.0
DEMO0009,2017-10,2.0,1617.91,2.0
DEMO0009,2017-11,1.0,257.04,1.0
DEMO0009,2017-12,2.0,1974.8000000000002,2.0
DEMO0009,2018-01,1.0,1181.71,1.0
DEMO0009,2018-02,2.0,2206.23,2.0
DEMO0009,2018-03,1.0,1183.64,1.0
DEMO0009,2018-04,2.0,1327.58,2.0
DEMO0009,2018-05,1.0,1051.04,1.0
DEMO0009,2018-06,1.0,930.53,1.0
DEMO0009,2018-07,0.0,0.0,0.0
DEMO0009,2018-08,0.0,0.0,0.0
DEMO0010,2017-03,2.0,998.51,2.0
DEMO0010,2017-04,1.0,1102.22,1.0
DEMO0010,2017-05,2.0,1858.3400000000001,2.0
DEMO0010,2017-06,1.0,507.38,1.0
DEMO0010,2017-07,2.0,1569.75,2.0
DEMO0010,2017-08,1.0,404.26,1.0
DEMO0010,2017-09,2.0,1363.69,2.0
DEMO0010,2017-10,1.0,1252.48,1.0
DEMO0010,2017-11,2.0,1043.95,2.0
DEMO0010,2017-12,1.0,1138.23,1.0
DEMO0010,2018-01,2.0,2179.74,2.0
DEMO0010,2018-02,1.0,393.22,1.0
DEMO0010,2018-03,1.0,240.39,1.0
DEMO0010,2018-04,2.0,873.0999999999999,2.0
DEMO0010,2018-05,1.0,1020.93,1.0
DEMO0010,2018-06,1.0,367.28,1.0
DEMO0010,2018-07,0.0,0.0,0.0
DEMO0010,2018-08,0.0,0.0,0.0
DEMO0011,2017-03,2.0,1992.75,2.0
DEMO0011,2017-04,1.0,972.21,1.0
DEMO0011,2017-05,2.0,1744.92,2.0
DEMO0011,2017-06,1.0,1141.41,1.0
DEMO0011,2017-07,1.0,1171.12,1.0
DEMO0011,2017-08,2.0,801.06,2.0
DEMO0011,2017-09,1.0,1408.73,1.0
DEMO0011,2017-10,2.0,1360.15,2.0
DEMO0011,2017-11,1.0,855.62,1.0
DEMO0011,2017-12,1.0,1075.21,1.0
DEMO0011,2018-01,2.0,2045.0099999999998,2.0
DEMO0011,2018-02,1.0,1405.26,1.0
DEMO0011,2018-03,1.0,271.32,1.0
DEMO0011,2018-04,2.0,1978.36,2.0
DEMO0011,2018-05,1.0,373.43,1.0
DEMO0011,2018-06,0.0,0.0,0.0
DEMO0011,2018-07,0.0,0.0,0.0
DEMO0011,2018-08,0.0,0.0,0.0
DEMO0012,2017-03,2.0,1263.9099999999999,2.0
DEMO0012,2017-04,1.0,1554.62,1.0
DEMO0012,2017-05,1.0,1057.08,1.0
DEMO0012,2017-06,2.0,2847.04,2.0
DEMO0012,2017-07,1.0,884.16,1.0
DEMO0012,2017-08,1.0,1310.72,1.0
DEMO0012,2017-09,2.0,682.6600000000001,2.0
DEMO0012,2017-10,1.0,1370.75,1.0
DEMO0012,2017-11,1.0,1326.92,1.0
DEMO0012,2017-12,2.0,1538.02,2.0
DEMO0012,2018-01,1.0,1070.49,1.0
DEMO0012,2018-02,1.0,1422.24,1.0
DEMO0012,2018-03,2.0,1877.08,2.0
DEMO0012,2018-04,1.0,758.9,1.0
DEMO0012,2018-05,0.0,0.0,0.0
DEMO0012,2018-06,0.0,0.0,0.0
DEMO0012,2018-07,0.0,0.0,0.0
DEMO0012,2018-08,0.0,0.0,0.0
