account_id,historical_order_count,first_order_date,last_order_date,historical_spend,avg_order_value,city,state,account_age_days,days_since_last_order,active_months,months_observed,annualised_value_proxy,median_order_gap_days,mean_order_gap_days,std_order_gap_days,gap_count,gap_cv,cadence_ratio,last_completed_gap_days,last_completed_gap_ratio,days_since_second_last_order,recency_vs_gap_p90,orders_last_30d,spend_last_30d,orders_last_60d,spend_last_60d,orders_last_90d,spend_last_90d,orders_previous_90d,spend_previous_90d,frequency_change,spend_change,frequency_change_adjusted,spend_change_adjusted,historical_category_count,recent_category_count,categories_dropped,categories_dropped_count,category_concentration,observed_delivery_count,late_delivery_rate,late_delivery_count,avg_days_late,delivery_coverage,recent_late_delivery,recent_late_delivery_rate,late_delivery_change,review_count,avg_review_score,latest_review_score,recent_avg_review_score,review_trend,negative_review_count,review_coverage,account_segment,model_eligible,evidence_confidence_score,model_confidence,analysis_date,risk_probability,risk_score,risk_level,model_version,model_name,target_definition,prediction_horizon_days,prediction_status,data_kind,schema_version,current_activity,explanations_json,top_risk_reason_1,top_risk_reason_2,top_risk_reason_3
DEMO0001,1,2018-03-01,2018-03-01,405.06,405.06,Demo City North,DEMO-N,183,183,1,6,803.5157608695653,,,,0,,,,,,,0,0.0,0,0.0,0,0.0,0,0.0,,,,,1,0,[],0,1.0,1,1.0,1,2.0,1.0,0,,,1,2.0,2,,,1,1.0,1 order,False,0.289,Low,2018-08-31,,,Insufficient history,synthetic-demo-v1,synthetic_fixture,inactivity_60d,60,insufficient_history,synthetic,1.0,Inactive over 60 days,"[{""text"": ""Fictional example: 183 days since last order"", ""evidence_type"": ""observed context""}, {""text"": ""Risk estimate is a fabricated demo value, not a model prediction"", ""evidence_type"": ""observed context""}]",Fictional example: 183 days since last order,Fabricated demo estimate,
DEMO0002,2,2018-03-11,2018-05-20,845.9200000000001,422.96000000000004,Demo City East,DEMO-E,173,103,2,6,1774.4873563218393,70.0,70.0,,1,,1.4714285714285715,70.0,1.0,173.0,1.4714285714285715,0,0.0,0,0.0,0,0.0,2,845.9200000000001,,,,,2,0,[],0,0.5,2,0.5,1,1.0,1.0,0,,,2,3.0,4,,,1,1.0,2–4 orders,False,0.308,Low,2018-08-31,,,Insufficient history,synthetic-demo-v1,synthetic_fixture,inactivity_60d,60,insufficient_history,synthetic,1.0,Inactive over 60 days,"[{""text"": ""Fictional example: 103 days since last order"", ""evidence_type"": ""observed context""}, {""text"": ""Risk estimate is a fabricated demo value, not a model prediction"", ""evidence_type"": ""observed context""}]",Fictional example: 103 days since last order,Fabricated demo estimate,
DEMO0003,2,2018-03-21,2018-05-20,689.43,344.715,Demo City South,DEMO-S,163,103,2,6,1534.4021341463413,60.0,60.0,,1,,1.7166666666666666,60.0,1.0,163.0,1.7166666666666666,0,0.0,0,0.0,0,0.0,2,689.43,,,,,2,0,[],0,0.5,2,0.5,1,1.0,1.0,0,,,2,3.0,4,,,1,1.0,2–4 orders,False,0.302,Low,2018-08-31,,,Insufficient history,synthetic-demo-v1,synthetic_fixture,inactivity_60d,60,insufficient_history,synthetic,1.0,Inactive over 60 days,"[{""text"": ""Fictional example: 103 days since last order"", ""evidence_type"": ""observed context""}, {""text"": ""Risk estimate is a fabricated demo value, not a model prediction"", ""evidence_type"": ""observed context""}]",Fictional example: 103 days since last order,Fabricated demo estimate,
DEMO0004,37,2017-03-01,2018-08-23,18008.66,486.7205405405405,Demo City North,DEMO-N,548,8,18,18,11972.970673952643,15.0,15.0,0.0,36,0.0,0.5333333333333333,15.0,1.0,23.0,0.5333333333333333,2,1109.33,4,1967.9299999999998,6,2630.91,6,2829.41,0.0,-0.07015596891224674,1.0952380952380953,1.075517345207869,3,3,[],0,0.35135135135135137,37,0.16216216216216217,6,0.32432432432432434,1.0,1,0.16666666666666666,0.0,37,3.7837837837837838,4,3.6666666666666665,-0.3333333333333335,4,1.0,10+ orders,True,1.0,High,2018-08-31,0.18,18.0,Low,synthetic-demo-v1,synthetic_fixture,inactivity_60d,60,modelled,synthetic,1.0,Ordered within 60 days,"[{""text"": ""Fictional example: 8 days since last order"", ""evidence_type"": ""observed context""}, {""text"": ""Risk estimate is a fabricated demo value, not a model prediction"", ""evidence_type"": ""observed context""}]",Fictional example: 8 days since last order,Fabricated demo estimate,
DEMO0005,34,2017-03-01,2018-08-11,16699.84,491.17176470588237,Demo City East,DEMO-E,548,20,18,18,11102.808014571949,16.0,16.0,0.0,33,0.0,1.25,16.0,1.0,36.0,1.25,1,356.73,3,865.6700000000001,5,2107.69,5,1888.24,0.0,0.11621933652501792,1.0952380952380953,1.4915281666151325,3,3,[],0,0.35294117647058826,34,0.14705882352941177,5,0.29411764705882354,1.0,1,0.16666666666666666,0.16666666666666666,34,3.764705882352941,2,3.6666666666666665,-0.3333333333333335,4,1.0,10+ orders,True,1.0,High,2018-08-31,0.25,25.0,Low,synthetic-demo-v1,synthetic_fixture,inactivity_60d,60,modelled,synthetic,1.0,Ordered within 60 days,"[{""text"": ""Fictional example: 20 days since last order"", ""evidence_type"": ""observed context""}, {""text"": ""Risk estimate is a fabricated demo value, not a model prediction"", ""evidence_type"": ""observed context""}]",Fictional example: 20 days since last order,Fabricated demo estimate,
DEMO0006,31,2017-03-01,2018-07-24,17755.51,572.7583870967742,Demo City South,DEMO-S,548,38,17,18,11804.665118397084,17.0,17.0,0.0,30,0.0,2.235294117647059,17.0,1.0,55.0,2.235294117647059,0,0.0,2,1299.65,4,3087.91,5,3281.4,-0.19999999999999996,-0.058965685378192356,0.6761904761904762,1.1004953273169265,3,3,[],0,0.3548387096774194,31,0.16129032258064516,5,0.3225806451612903,1.0,1,0.25,0.25,31,3.806451612903226,4,4.0,0.3333333333333335,3,1.0,10+ orders,True,1.0,High,2018-08-31,0.36,36.0,Low,synthetic-demo-v1,synthetic_fixture,inactivity_60d,60,modelled,synthetic,1.0,Ordered within 60 days,"[{""text"": ""Fictional example: 38 days since last order"", ""evidence_type"": ""observed context""}, {""text"": ""Risk estimate is a fabricated demo value, not a model prediction"", ""evidence_type"": ""observed context""}]",Fictional example: 38 days since last order,Fabricated demo estimate,
DEMO0007,29,2017-03-01,2018-07-18,16615.11,572.9348275862069,Demo City North,DEMO-N,548,44,17,18,11046.475683060109,18.0,18.0,0.0,28,0.0,2.4444444444444446,18.0,1.0,62.0,2.4444444444444446,0,0.0,1,197.07,3,1415.59,5,3067.86,-0.4,-0.5385741200706682,0.2571428571428571,0.029954901362107877,3,3,[],0,0.3448275862068966,29,0.1724137931034483,5,0.3448275862068966,1.0,1,0.3333333333333333,0.1333333333333333,29,3.793103448275862,4,4.0,0.3999999999999999,3,1.0,10+ orders,True,0.987,High,2018-08-31,0.46,46.0,Medium,synthetic-demo-v1,synthetic_fixture,inactivity_60d,60,modelled,synthetic,1.0,Ordered within 60 days,"[{""text"": ""Fictional example: 44 days since last order"", ""evidence_type"": ""observed context""}, {""text"": ""Risk estimate is a fabricated demo value, not a model prediction"", ""evidence_type"": ""observed context""}]",Fictional example: 44 days since last order,Fabricated demo estimate,
DEMO0008,26,2017-03-01,2018-06-19,18604.1,715.5423076923076,Demo City East,DEMO-E,548,73,16,18,12368.846083788705,19.0,19.0,0.0,25,0.0,3.8421052631578947,19.0,1.0,92.0,3.8421052631578947,0,0.0,0,0.0,1,1115.34,5,3524.39,-0.8,-0.6835367255042717,-0.5809523809523811,-0.2936180763898716,3,1,"[""portfolio_line_1"", ""portfolio_line_3""]",2,0.34615384615384615,26,0.15384615384615385,4,0.3076923076923077,1.0,0,0.0,-0.25,26,3.769230769230769,4,4.0,0.3999999999999999,3,1.0,10+ orders,True,0.947,High,2018-08-31,0.58,58.0,Medium,synthetic-demo-v1,synthetic_fixture,inactivity_60d,60,modelled,synthetic,1.0,Inactive over 60 days,"[{""text"": ""Fictional example: 73 days since last order"", ""evidence_type"": ""observed context""}, {""text"": ""Risk estimate is a fabricated demo value, not a model prediction"", ""evidence_type"": ""observed context""}]",Fictional example: 73 days since last order,Fabricated demo estimate,
DEMO0009,24,2017-03-01,2018-06-04,19656.93,819.03875,Demo City South,DEMO-S,548,88,16,18,13068.815027322404,20.0,20.0,0.0,23,0.0,4.4,20.0,1.0,108.0,4.4,0,0.0,0,0.0,1,930.53,4,3562.26,-0.75,-0.7387809985795535,-0.47619047619047616,-0.4169295599910676,3,1,"[""portfolio_line_2""]",1,0.3333333333333333,24,0.16666666666666666,4,0.3333333333333333,1.0,0,0.0,-0.25,24,3.75,4,4.0,0.5,3,1.0,10+ orders,True,0.92,High,2018-08-31,0.69,69.0,Medium,synthetic-demo-v1,synthetic_fixture,inactivity_60d,60,modelled,synthetic,1.0,Inactive over 60 days,"[{""text"": ""Fictional example: 88 days since last order"", ""evidence_type"": ""observed context""}, {""text"": ""Risk estimate is a fabricated demo value, not a model prediction"", ""evidence_type"": ""observed context""}]",Fictional example: 88 days since last order,Fabricated demo estimate,
DEMO0010,23,2017-03-01,2018-06-06,16313.470000000001,709.2813043478261,Demo City North,DEMO-N,548,86,16,18,10845.931785063753,21.0,21.0,0.0,22,0.0,4.095238095238095,21.0,1.0,107.0,4.095238095238095,0,0.0,0,0.0,1,367.28,4,2134.42,-0.75,-0.8279251506263997,-0.47619047619047616,-0.6159094185600751,3,1,"[""portfolio_line_1""]",1,0.34782608695652173,23,0.17391304347826086,4,0.34782608695652173,1.0,0,0.0,-0.25,23,3.739130434782609,2,2.0,-2.0,3,1.0,10+ orders,True,0.907,High,2018-08-31,0.77,77.0,High,synthetic-demo-v1,synthetic_fixture,inactivity_60d,60,modelled,synthetic,1.0,Inactive over 60 days,"[{""text"": ""Fictional example: 86 days since last order"", ""evidence_type"": ""observed context""}, {""text"": ""Risk estimate is a fabricated demo value, not a model prediction"", ""evidence_type"": ""observed context""}]",Fictional example: 86 days since last order,Fabricated demo estimate,
DEMO0011,21,2017-03-01,2018-05-15,18596.56,885.5504761904763,Demo City East,DEMO-E,548,108,15,18,12363.833151183973,22.0,22.0,0.0,20,0.0,4.909090909090909,22.0,1.0,130.0,4.909090909090909,0,0.0,0,0.0,0,0.0,4,2623.1099999999997,-1.0,-1.0,-1.0,-1.0,3,0,"[""portfolio_line_3""]",1,0.3333333333333333,21,0.14285714285714285,3,0.2857142857142857,1.0,0,,,21,3.8095238095238093,4,,,2,1.0,10+ orders,True,0.88,High,2018-08-31,0.85,85.0,High,synthetic-demo-v1,synthetic_fixture,inactivity_60d,60,modelled,synthetic,1.0,Inactive over 60 days,"[{""text"": ""Fictional example: 108 days since last order"", ""evidence_type"": ""observed context""}, {""text"": ""Risk estimate is a fabricated demo value, not a model prediction"", ""evidence_type"": ""observed context""}]",Fictional example: 108 days since last order,Fabricated demo estimate,
DEMO0012,19,2017-03-01,2018-04-19,18964.59,998.1363157894737,Demo City South,DEMO-S,548,134,14,18,12608.516120218579,23.0,23.0,0.0,18,0.0,5.826086956521739,23.0,1.0,157.0,5.826086956521739,0,0.0,0,0.0,0,0.0,2,1569.4,-1.0,-1.0,-1.0,-1.0,3,0,[],0,0.3684210526315789,19,0.15789473684210525,3,0.3157894736842105,1.0,0,,,19,3.789473684210526,4,,,2,1.0,10+ orders,True,0.853,Medium,2018-08-31,0.92,92.0,High,synthetic-demo-v1,synthetic_fixture,inactivity_60d,60,modelled,synthetic,1.0,Inactive over 60 days,"[{""text"": ""Fictional example: 134 days since last order"", ""evidence_type"": ""observed context""}, {""text"": ""Risk estimate is a fabricated demo value, not a model prediction"", ""evidence_type"": ""observed context""}]",Fictional example: 134 days since last order,Fabricated demo estimate,
