probability_bin,accounts,mean_estimate,observed_inactivity
"(0.1, 0.2]",1310,0.14820911985159396,0.16259541984732825
"(0.2, 0.3]",391,0.24830395563374638,0.1867007672634271
"(0.3, 0.4]",195,0.33681847482646454,0.28717948717948716
"(0.4, 0.5]",96,0.444352980075212,0.4166666666666667
"(0.5, 0.6]",55,0.555312782296831,0.43636363636363634
"(0.6, 0.7]",59,0.6537688028545278,0.5932203389830508
"(0.7, 0.8]",27,0.7475881148103632,0.8148148148148148
"(0.8, 0.9]",22,0.8519725491684053,0.5909090909090909
"(0.9, 1.0]",42,0.9496936989221225,0.9285714285714286
