cutoff,comparison_role,definition,eligible_accounts,labelled_accounts,positive_accounts,positive_rate,median_typical_gap_days,p95_typical_gap_days,fraction_typical_gap_above_60d,positive_median_current_cadence_ratio
2018-02-28,development,inactivity_60d,1256,1256,207,0.16480891719745222,17.0,35.0,0.0,1.4324324324324325
2018-02-28,development,inactivity_90d,1256,1256,143,0.11385350318471338,17.0,35.0,0.0,1.9024390243902438
2018-02-28,development,frequency_decline_60d,1256,1001,301,0.3006993006993007,17.0,35.0,0.0,0.43478260869565216
2018-02-28,development,cadence_inactivity,1256,1256,306,0.24363057324840764,17.0,35.0,0.0,1.278888888888889
2018-04-30,development,inactivity_60d,1746,1746,378,0.21649484536082475,19.0,39.0,0.001145475372279496,1.6407624633431086
2018-04-30,development,inactivity_90d,1746,1746,262,0.15005727376861397,19.0,39.0,0.001145475372279496,1.9270833333333335
2018-04-30,development,frequency_decline_60d,1746,1223,385,0.31479967293540473,19.0,39.0,0.001145475372279496,0.5625
2018-04-30,development,cadence_inactivity,1746,1746,519,0.2972508591065292,19.0,39.0,0.001145475372279496,1.4615384615384615
2018-05-31,retrospective sensitivity only,inactivity_60d,1983,1983,484,0.24407463439233484,20.0,40.0,0.0015128593040847202,1.5703296703296703
2018-05-31,retrospective sensitivity only,inactivity_90d,1983,1983,294,0.14826021180030258,20.0,40.0,0.0015128593040847202,2.295825771324864
2018-05-31,retrospective sensitivity only,frequency_decline_60d,1983,1312,433,0.33003048780487804,20.0,40.0,0.0015128593040847202,0.7368421052631579
2018-05-31,retrospective sensitivity only,cadence_inactivity,1983,1983,662,0.3338376197680282,20.0,40.0,0.0015128593040847202,1.5055555555555555
