cutoff,split,model,accounts,prevalence,roc_auc,pr_auc,precision,recall,f1,threshold,tn,fp,fn,tp,brier,brier_prevalence_baseline,precision_at_100,positives_at_100,top100_value_proxy,top_decile_lift,top_decile_positive_value_proxy,calibration_ece
2018-02-28,development,recency_baseline,1256,0.16480891719745222,0.6783433037215107,0.4250810577253335,0.4207920792079208,0.4106280193236715,0.4156479217603912,0.19937942103274897,932,117,122,85,0.11857708878530568,0.13764693800965555,0.6,60,161878.25,3.2745955064795647,113968.30000000002,0.02369714235218659
2018-02-28,development,cadence_baseline,1256,0.16480891719745222,0.6479163500550328,0.37723335782949496,0.5692307692307692,0.178743961352657,0.27205882352941174,0.19937942103274897,1021,28,170,37,0.12939606489166233,0.13764693800965555,0.51,51,207770.87000000002,2.84119316003374,115215.95000000001,0.03813405658485336
2018-02-28,development,logistic,1256,0.16480891719745222,0.47115034792740274,0.1586249788826708,0.0,0.0,0.0,0.19937942103274897,1042,7,207,0,0.14297422915767466,0.13764693800965555,0.16,16,221744.49000000005,1.0112721417069244,31881.07,0.05921195388891001
2018-02-28,development,random_forest,1256,0.16480891719745222,0.6997048028257876,0.28790997414941955,0.29743589743589743,0.28019323671497587,0.2885572139303483,0.19937942103274897,912,137,149,58,0.1308823458774045,0.13764693800965555,0.35,35,115473.00000000001,1.8780768345985739,48375.59,0.04613358873958728
2018-02-28,development,gradient_boosting,1256,0.16480891719745222,0.6921521762156735,0.2907581742198052,0.3387096774193548,0.2028985507246377,0.2537764350453172,0.19937942103274897,967,82,165,42,0.13241124012515598,0.13764693800965555,0.36,36,141178.9,2.0225442834138487,65873.66,0.047722973304917565
2018-04-30,development,recency_baseline,1746,0.21649484536082475,0.6981274559856432,0.46285096739221365,0.4227467811158798,0.5211640211640212,0.466824644549763,0.19937942103274897,1099,269,181,197,0.14960868523975138,0.16962482729301737,0.67,67,168560.53,2.6658503401360547,190191.45,0.035716834859351364
2018-04-30,development,cadence_baseline,1746,0.21649484536082475,0.6579653222562579,0.4187695525424265,0.42771084337349397,0.37566137566137564,0.4,0.19937942103274897,1178,190,236,142,0.1564701742833361,0.16962482729301737,0.57,57,223517.09000000003,2.2435374149659864,179554.18999999997,0.04689511182851604
2018-04-30,development,logistic,1746,0.21649484536082475,0.6616850768897553,0.35108659339174214,0.31547619047619047,0.5608465608465608,0.4038095238095238,0.19937942103274897,908,460,166,212,0.1605860708370707,0.16962482729301737,0.43,43,150247.25,2.032380952380952,128088.22,0.03245161633562803
2018-04-30,development,random_forest,1746,0.21649484536082475,0.7343358395989974,0.4407809545301294,0.361794500723589,0.6613756613756614,0.4677268475210477,0.19937942103274897,927,441,128,250,0.1491110666760058,0.16962482729301737,0.56,56,167676.37,2.3491156462585034,159152.37,0.02531621943630653
2018-04-30,development,gradient_boosting,1746,0.21649484536082475,0.6623445187041679,0.33959096802505173,0.3321100917431193,0.47883597883597884,0.39219934994582883,0.19937942103274897,1004,364,197,181,0.16218605686687726,0.16962482729301737,0.46,46,150806.53999999998,1.794829931972789,111231.15999999999,0.04434732308138396
2018-06-30,holdout,recency_baseline,2197,0.23441055985434683,0.6888701615044504,0.48670799068438325,0.34047350620067646,0.5864077669902913,0.43081312410841655,0.19937942103274897,1097,585,213,302,0.15722262488986818,0.17946224928311852,0.8,80,188692.58000000002,2.6953486319505737,245905.46999999997,0.03360519028533673
