risk_decile,accounts,positive_rate,value_proxy,lift
1,220,0.6318181818181818,404449.9,2.6953486319505737
2,220,0.3181818181818182,399144.62,1.357369814651368
3,220,0.21818181818181817,431893.29,0.9307678729037951
4,219,0.1963470319634703,475986.24,0.8376202509198918
5,220,0.23636363636363636,503053.26,1.0083318623124449
6,220,0.19545454545454546,529166.6,0.8338128861429833
7,219,0.1917808219178082,541780.3,0.8181407102008246
8,220,0.10454545454545454,549253.51,0.4459929390997352
9,220,0.12727272727272726,637008.14,0.5429479258605472
10,219,0.1232876712328767,691650.32,0.5259475994148157
