definition,cutoff,model,fit_rows,calibration_rows,accounts,prevalence,roc_auc,pr_auc,precision,recall,f1,threshold,tn,fp,fn,tp,brier,brier_prevalence_baseline,precision_at_100,positives_at_100,top100_value_proxy,top_decile_lift,top_decile_positive_value_proxy,calibration_ece
inactivity_60d,2018-02-28,recency_baseline,506,618,1256,0.16480891719745222,0.6783433037215107,0.4250810577253335,0.7045454545454546,0.1497584541062802,0.24701195219123506,0.5,1036,13,176,31,0.11857708878530568,0.13764693800965555,0.6,60,161878.25,3.2745955064795647,113968.30000000002,0.02369714235218659
inactivity_60d,2018-02-28,cadence_baseline,506,618,1256,0.16480891719745222,0.6479163500550328,0.37723335782949496,0.875,0.033816425120772944,0.06511627906976744,0.5,1048,1,200,7,0.12939606489166233,0.13764693800965555,0.51,51,207770.87000000002,2.84119316003374,115215.95000000001,0.03813405658485336
inactivity_60d,2018-02-28,logistic,506,618,1256,0.16480891719745222,0.47115034792740274,0.1586249788826708,0.0,0.0,0.0,0.5,1049,0,207,0,0.14297422915767466,0.13764693800965555,0.16,16,221744.49000000005,1.0112721417069244,31881.07,0.05921195388891001
inactivity_60d,2018-04-30,recency_baseline,1521,1256,1746,0.21649484536082475,0.6981274559856432,0.46285096739221365,0.6460176991150443,0.1931216931216931,0.2973523421588595,0.5,1328,40,305,73,0.14960868523975138,0.16962482729301737,0.67,67,168560.53,2.6658503401360547,190191.45,0.035716834859351364
inactivity_60d,2018-04-30,cadence_baseline,1521,1256,1746,0.21649484536082475,0.6579653222562579,0.4187695525424265,0.671875,0.11375661375661375,0.19457013574660634,0.5,1347,21,335,43,0.1564701742833361,0.16962482729301737,0.57,57,223517.09000000003,2.2435374149659864,179554.18999999997,0.04689511182851604
inactivity_60d,2018-04-30,logistic,1521,1256,1746,0.21649484536082475,0.6616850768897553,0.35108659339174214,0.5555555555555556,0.026455026455026454,0.050505050505050504,0.5,1360,8,368,10,0.1605860708370707,0.16962482729301737,0.43,43,150247.25,2.032380952380952,128088.22,0.03245161633562803
inactivity_90d,2018-02-28,recency_baseline,219,618,1256,0.11385350318471338,0.5,0.11385350318471338,0.0,0.0,0.0,0.5,1113,0,143,0,0.10299698969688638,0.10089088299728184,0.09,9,160304.03000000003,0.8364968364968365,14852.34,0.04589233813616969
inactivity_90d,2018-02-28,cadence_baseline,219,618,1256,0.11385350318471338,0.5,0.11385350318471338,0.0,0.0,0.0,0.5,1113,0,143,0,0.10299698969688638,0.10089088299728184,0.09,9,160304.03000000003,0.8364968364968365,14852.34,0.04589233813616969
inactivity_90d,2018-02-28,logistic,219,618,1256,0.11385350318471338,0.5116675777053136,0.12017548021276839,0.0,0.0,0.0,0.5,1113,0,143,0,0.10325740939348282,0.10089088299728184,0.14,14,126399.79000000001,1.3244533244533243,24720.02,0.048784842470521526
inactivity_90d,2018-04-30,recency_baseline,506,779,1746,0.15005727376861397,0.7432653134709163,0.43771405593737206,0.7413793103448276,0.16412213740458015,0.26875,0.5,1469,15,219,43,0.10934350556664514,0.1275400883577452,0.6,60,168560.53,3.3891821155943296,162651.25,0.03769468172304856
inactivity_90d,2018-04-30,cadence_baseline,506,779,1746,0.15005727376861397,0.7032918561346475,0.37802218251244835,1.0,0.03816793893129771,0.07352941176470588,0.5,1484,0,252,10,0.12108246655151192,0.1275400883577452,0.51,51,223517.09000000003,2.7037295528898584,142556.43000000002,0.05845111980794706
inactivity_90d,2018-04-30,logistic,506,779,1746,0.15005727376861397,0.5,0.15005727376861397,0.0,0.0,0.0,0.5,1484,0,262,0,0.13147964336436962,0.1275400883577452,0.14,14,168172.77000000002,0.9520174482006543,39910.240000000005,0.0627658745388322
frequency_decline_60d,2018-02-28,recency_baseline,463,553,1001,0.3006993006993007,0.5,0.3006993006993007,0.0,0.0,0.0,0.5,700,0,301,0,0.2108565090687919,0.21027923125825226,0.38,38,170191.19000000003,1.251208841814414,63888.81999999999,0.024026606305087295
frequency_decline_60d,2018-02-28,cadence_baseline,463,553,1001,0.3006993006993007,0.5,0.3006993006993007,0.0,0.0,0.0,0.5,700,0,301,0,0.2108565090687919,0.21027923125825226,0.38,38,170191.19000000003,1.251208841814414,63888.81999999999,0.024026606305087295
frequency_decline_60d,2018-02-28,logistic,463,553,1001,0.3006993006993007,0.5951589938300902,0.3903409257218706,0.5,0.0033222591362126247,0.006600660066006601,0.5,699,1,300,1,0.208253628854864,0.21027923125825226,0.45,45,274752.37,1.5146212295648172,92280.35,0.04280315322003701
frequency_decline_60d,2018-04-30,recency_baseline,1359,1001,1223,0.31479967293540473,0.49697176332021203,0.31618632015744974,0.0,0.0,0.0,0.5,838,0,385,0,0.21590005840165644,0.215700838855167,0.31,31,271766.75000000006,1.0072220462464365,92091.73000000003,0.014107250174228814
frequency_decline_60d,2018-04-30,cadence_baseline,1359,1001,1223,0.31479967293540473,0.5,0.31479967293540473,0.0,0.0,0.0,0.5,838,0,385,0,0.21589965935236366,0.215700838855167,0.35,35,174469.30000000002,1.1621792841305036,69525.44,0.014100372236104053
frequency_decline_60d,2018-04-30,logistic,1359,1001,1223,0.31479967293540473,0.6512599572265443,0.4241353102273058,0.4090909090909091,0.023376623376623377,0.044226044226044224,0.5,825,13,376,9,0.2067631890147648,0.215700838855167,0.46,46,160847.18000000002,1.4979199662126492,99023.29999999999,0.06078547383090119
cadence_inactivity,2018-02-28,recency_baseline,1220,736,1256,0.24363057324840764,0.6544324045407637,0.47996609860563666,0.734375,0.15359477124183007,0.25405405405405407,0.5,933,17,259,47,0.16351736016568322,0.18427471702705994,0.72,72,161878.25,2.736383442265795,135445.09999999998,0.03854970001789564
cadence_inactivity,2018-02-28,cadence_baseline,1220,736,1256,0.24363057324840764,0.6491210870313038,0.45451903329608134,0.8260869565217391,0.06209150326797386,0.11550151975683891,0.5,946,4,287,19,0.17129526153557023,0.18427471702705994,0.62,62,207770.87000000002,2.4431995020230315,137693.34,0.03764429750648393
cadence_inactivity,2018-02-28,logistic,1220,736,1256,0.24363057324840764,0.6315135878912969,0.38841755150272933,1.0,0.02287581699346405,0.04472843450479233,0.5,950,0,299,7,0.17897672245764845,0.18427471702705994,0.49,49,174003.32,1.954559601618425,110165.52,0.06352999881880185
cadence_inactivity,2018-04-30,recency_baseline,3769,573,1746,0.2972508591065292,0.6612396417786698,0.5171709928279247,0.6626506024096386,0.2119460500963391,0.32116788321167883,0.5,1171,56,409,110,0.1872430193436085,0.2088927858669595,0.8,80,168560.53,2.2491824938067713,221349.84999999998,0.025159358162413843
cadence_inactivity,2018-04-30,cadence_baseline,3769,573,1746,0.2972508591065292,0.6540695620221321,0.5089085497695459,0.7763157894736842,0.11368015414258188,0.19831932773109243,0.5,1210,17,460,59,0.19342968587790488,0.2088927858669595,0.69,69,223517.09000000003,2.0953922378199836,230578.40999999997,0.06283878616435837
cadence_inactivity,2018-04-30,logistic,3769,573,1746,0.2972508591065292,0.7128230736495642,0.5513638070639554,0.7567567567567568,0.16184971098265896,0.26666666666666666,0.5,1200,27,435,84,0.18116458826866663,0.2088927858669595,0.79,79,167979.47999999998,2.191511147811726,204267.43000000002,0.03527345250792707
